{"cameraMode":{"drawMode":0,"name":"Shaded","section":"Shading Mode"},"sceneLighting":false,"audioPlay":false,"sceneViewState":{"showFog":true,"showMaterialUpdate":false,"showSkybox":true,"showFlares":true,"showImageEffects":true,"showParticleSystems":true},"in2DMode":false,"pivot":{"x":-0.20777130126953126,"y":-52.44903564453125,"z":-8.256195068359375},"rotation":{"x":-0.5537793040275574,"y":0.13398879766464234,"z":-0.09084596484899521,"w":-0.8167815804481506},"size":148.78268432617188,"orthographic":false}