{"cameraMode":{"drawMode":0,"name":"Shaded","section":"Shading Mode"},"sceneLighting":true,"audioPlay":false,"sceneViewState":{"showFog":false,"showMaterialUpdate":false,"showSkybox":false,"showFlares":false,"showImageEffects":false,"showParticleSystems":false},"in2DMode":false,"pivot":{"x":-5.27751350402832,"y":-50.2652587890625,"z":-5.5640411376953129},"rotation":{"x":-0.46792367100715639,"y":-0.07777003198862076,"z":0.04137025773525238,"w":-0.8793817162513733},"size":138.3953399658203,"orthographic":false}