{"cameraMode":{"drawMode":3,"name":"Shadow Cascades","section":"Miscellaneous"},"sceneLighting":true,"audioPlay":false,"sceneViewState":{"showFog":false,"showMaterialUpdate":false,"showSkybox":false,"showFlares":false,"showImageEffects":false,"showParticleSystems":false},"in2DMode":false,"pivot":{"x":7.851016044616699,"y":-1.8816070556640626,"z":2.8180503845214845},"rotation":{"x":-0.37749534845352175,"y":-0.25302165746688845,"z":0.1080140694975853,"w":-0.884213924407959},"size":16.551271438598634,"orthographic":false}