{"cameraMode":{"drawMode":0,"name":"Shaded","section":"Shading Mode"},"sceneLighting":false,"audioPlay":false,"sceneViewState":{"showFog":true,"showMaterialUpdate":false,"showSkybox":true,"showFlares":true,"showImageEffects":true,"showParticleSystems":true},"in2DMode":false,"pivot":{"x":-7.5187225341796879,"y":-69.06375122070313,"z":31.0616455078125},"rotation":{"x":0.4143413305282593,"y":-0.28805360198020937,"z":0.14019127190113069,"w":0.8518944978713989},"size":229.48077392578126,"orthographic":false}