{"cameraMode":{"drawMode":0,"name":"Shaded","section":"Shading Mode"},"sceneLighting":false,"audioPlay":false,"sceneViewState":{"showFog":true,"showMaterialUpdate":false,"showSkybox":true,"showFlares":true,"showImageEffects":true,"showParticleSystems":true},"in2DMode":false,"pivot":{"x":-11479.4833984375,"y":22144.29296875,"z":5184.1171875},"rotation":{"x":0.02748573198914528,"y":0.4380066692829132,"z":0.013440025970339775,"w":-0.8984818458557129},"size":3552.785888671875,"orthographic":false}