{"cameraMode":{"drawMode":0,"name":"Shaded","section":"Shading Mode"},"sceneLighting":true,"audioPlay":false,"sceneViewState":{"showFog":false,"showMaterialUpdate":false,"showSkybox":false,"showFlares":false,"showImageEffects":false,"showParticleSystems":false,"showVisualEffectGraphs":true,"m_FxEnabled":true},"in2DMode":false,"pivot":{"x":-12.315135955810547,"y":5.03363037109375,"z":37.171119689941409},"rotation":{"x":-0.36622995138168337,"y":0.015614744275808335,"z":-0.0061997720040380959,"w":-0.9304018020629883},"size":161.58470153808595,"orthographic":false}