{"cameraMode":{"drawMode":0,"name":"Shaded","section":"Shading Mode"},"sceneLighting":false,"audioPlay":false,"sceneViewState":{"showFog":false,"showMaterialUpdate":false,"showSkybox":false,"showFlares":false,"showImageEffects":false,"showParticleSystems":false,"showVisualEffectGraphs":true,"m_FxEnabled":true},"in2DMode":false,"pivot":{"x":0.12425157427787781,"y":200.1149444580078,"z":-19.96047592163086},"rotation":{"x":-0.16277578473091126,"y":0.001770781702362001,"z":-0.00033034171792678535,"w":-0.9866801500320435},"size":2.5377862453460695,"orthographic":false}